{
    "action": {
        "min": [
            -0.1,
            -0.1,
            -0.2,
            -0.1,
            0.0,
            -0.1
        ],
        "max": [
            0.2,
            0.3,
            0.3,
            0.1,
            0.2,
            0.1
        ],
        "mean": [
            0.03093333333333338,
            0.11866666666666664,
            0.055200000000000034,
            0.015999999999999973,
            0.08346666666666669,
            0.015999999999999973
        ],
        "std": [
            0.12373275861935498,
            0.16464372309795344,
            0.19986235263300595,
            0.07770027884977847,
            0.07772590015918475,
            0.07770027884977847
        ],
        "count": [
            75
        ]
    },
    "index": {
        "min": [
            0.0
        ],
        "max": [
            74.0
        ],
        "mean": [
            37.0
        ],
        "std": [
            21.64871050817269
        ],
        "count": [
            75
        ]
    },
    "episode_index": {
        "min": [
            0.0
        ],
        "max": [
            2.0
        ],
        "mean": [
            0.9333333333333333
        ],
        "std": [
            0.7717224601860152
        ],
        "count": [
            75
        ]
    },
    "observation.state": {
        "min": [
            -0.07865619548034208,
            -0.07427342819682314,
            -0.09648332378218677,
            0.0,
            -0.00108929773802566,
            0.0
        ],
        "max": [
            0.17007340730880396,
            0.2940177529644451,
            0.23226237674266312,
            0.03190265893366551,
            0.04345550542041688,
            0.012355982750424164
        ],
        "mean": [
            0.03067030513123298,
            0.07238134209594703,
            0.062455514742330596,
            0.014064913295046702,
            0.02052048048079144,
            0.005065205217313498
        ],
        "std": [
            0.08384776671535278,
            0.12048901021814412,
            0.10267850188777485,
            0.009449240752724198,
            0.014312975603786832,
            0.003971589298163812
        ],
        "count": [
            75
        ]
    },
    "timestamp": {
        "min": [
            0.0
        ],
        "max": [
            1.48
        ],
        "mean": [
            0.74
        ],
        "std": [
            0.43297421016345383
        ],
        "count": [
            75
        ]
    },
    "frame_index": {
        "min": [
            0.0
        ],
        "max": [
            29.0
        ],
        "mean": [
            12.333333333333334
        ],
        "std": [
            7.760297817881877
        ],
        "count": [
            75
        ]
    },
    "task_index": {
        "min": [
            0.0
        ],
        "max": [
            1.0
        ],
        "mean": [
            0.2666666666666667
        ],
        "std": [
            0.4422166387140534
        ],
        "count": [
            75
        ]
    }
}