{
    "frame_index": {
        "min": [
            0
        ],
        "max": [
            2
        ],
        "mean": [
            1.0
        ],
        "std": [
            0.816496580927726
        ],
        "count": [
            6
        ],
        "q01": [
            -1e-10
        ],
        "q10": [
            -1e-10
        ],
        "q50": [
            1.00020000000002
        ],
        "q90": [
            1.999880000099988
        ],
        "q99": [
            1.999988000099999
        ]
    },
    "episode_index": {
        "min": [
            0
        ],
        "max": [
            1
        ],
        "mean": [
            0.5
        ],
        "std": [
            0.5
        ],
        "count": [
            6
        ],
        "q01": [
            0.5000000000000004
        ],
        "q10": [
            0.500000000000004
        ],
        "q50": [
            0.50000000000002
        ],
        "q90": [
            0.500000000000036
        ],
        "q99": [
            0.5000000000000396
        ]
    },
    "observation.state": {
        "min": [
            0.0,
            0.0
        ],
        "max": [
            0.20000000298023224,
            0.4000000059604645
        ],
        "mean": [
            0.10000000149011612,
            0.20000000298023224
        ],
        "std": [
            0.08164966193290209,
            0.16329932386580417
        ],
        "count": [
            6
        ],
        "q01": [
            -1.000000013351432e-10,
            -1.000000013351432e-10
        ],
        "q10": [
            -1.000000013351432e-10,
            -1.000000013351432e-10
        ],
        "q50": [
            0.10001999512314796,
            0.20003999024629593
        ],
        "q90": [
            0.1999880000948906,
            0.3999760001897812
        ],
        "q99": [
            0.19999880269169804,
            0.39999760538339607
        ]
    },
    "index": {
        "min": [
            0
        ],
        "max": [
            5
        ],
        "mean": [
            2.5
        ],
        "std": [
            1.7078251276599332
        ],
        "count": [
            6
        ],
        "q01": [
            1.4999999999
        ],
        "q10": [
            1.4999999999
        ],
        "q50": [
            2.5002000000000195
        ],
        "q90": [
            3.4998800000999872
        ],
        "q99": [
            3.4999880000999988
        ]
    },
    "action": {
        "min": [
            0.0,
            0.0
        ],
        "max": [
            0.6000000238418579,
            0.800000011920929
        ],
        "mean": [
            0.30000001192092896,
            0.4000000059604645
        ],
        "std": [
            0.24494898674923335,
            0.32659864773160835
        ],
        "count": [
            6
        ],
        "q01": [
            -1.000000013351432e-10,
            -1.000000013351432e-10
        ],
        "q10": [
            -1.000000013351432e-10,
            -1.000000013351432e-10
        ],
        "q50": [
            0.3000600039958954,
            0.40007998049259186
        ],
        "q90": [
            0.599964028596878,
            0.7999520003795624
        ],
        "q99": [
            0.5999964243173599,
            0.7999952107667921
        ]
    },
    "timestamp": {
        "min": [
            0.0
        ],
        "max": [
            0.06666666666666667
        ],
        "mean": [
            0.03333333333333333
        ],
        "std": [
            0.027216552697590872
        ],
        "count": [
            6
        ],
        "q01": [
            -1e-10
        ],
        "q10": [
            -1e-10
        ],
        "q50": [
            0.03334000000001999
        ],
        "q90": [
            0.06666266676665467
        ],
        "q99": [
            0.06666626676666546
        ]
    },
    "task_index": {
        "min": [
            0
        ],
        "max": [
            0
        ],
        "mean": [
            0.0
        ],
        "std": [
            0.0
        ],
        "count": [
            6
        ],
        "q01": [
            3.9999999999994176e-16
        ],
        "q10": [
            3.999999999999418e-15
        ],
        "q50": [
            1.9999999999997088e-14
        ],
        "q90": [
            3.599999999999476e-14
        ],
        "q99": [
            3.959999999999423e-14
        ]
    },
    "observation.images.cam": {
        "min": [
            [
                [
                    0.0
                ]
            ],
            [
                [
                    0.0
                ]
            ],
            [
                [
                    0.0
                ]
            ]
        ],
        "max": [
            [
                [
                    0.9882352941176471
                ]
            ],
            [
                [
                    0.9725490196078431
                ]
            ],
            [
                [
                    0.996078431372549
                ]
            ]
        ],
        "mean": [
            [
                [
                    0.49411764705882355
                ]
            ],
            [
                [
                    0.48627450980392156
                ]
            ],
            [
                [
                    0.5374183006535947
                ]
            ]
        ],
        "std": [
            [
                [
                    0.0
                ]
            ],
            [
                [
                    0.0
                ]
            ],
            [
                [
                    0.031862745098039214
                ]
            ]
        ],
        "count": [
            6
        ],
        "q01": [
            [
                [
                    -3.9215686274509807e-13
                ]
            ],
            [
                [
                    -3.9215686274509807e-13
                ]
            ],
            [
                [
                    0.05300598169899599
                ]
            ]
        ],
        "q10": [
            [
                [
                    0.09419858823497672
                ]
            ],
            [
                [
                    0.09398713725458559
                ]
            ],
            [
                [
                    0.256907016591062
                ]
            ]
        ],
        "q50": [
            [
                [
                    0.4864094117646997
                ]
            ],
            [
                [
                    0.4707137254901835
                ]
            ],
            [
                [
                    0.54311186511705
                ]
            ]
        ],
        "q90": [
            [
                [
                    0.8940367058826704
                ]
            ],
            [
                [
                    0.8785618823532575
                ]
            ],
            [
                [
                    0.8157042801122948
                ]
            ]
        ],
        "q99": [
            [
                [
                    0.9880455529415685
                ]
            ],
            [
                [
                    0.9724867764709803
                ]
            ],
            [
                [
                    0.9549608829135249
                ]
            ]
        ]
    }
}